<?xml version="1.0" encoding="UTF-8"?>
<datas>
  <friend>
      <image>http://192.168.14.17:5500/k1.png</image>
      <name>MUZI</name>
    </friend>
    <friend>
      <image>http://192.168.14.17:5500/k2.png</image>
      <name>APEACH</name>
    </friend>
    <friend>
      <image>http://192.168.14.17:5500/k3.png</image>
      <name>JAY-G</name>
    </friend>
    <friend>
      <image>http://192.168.14.17:5500/k4.png</image>
      <name>FRODO</name>
    </friend>
    <friend>
      <image>http://192.168.14.17:5500/k5.png</image>
      <name>NEO</name>
    </friend>
    <friend>
      <image>http://192.168.14.17:5500/k6.png</image>
      <name>TUBE</name>
    </friend>
    <friend>
      <image>http://192.168.14.17:5500/k7.png</image>
      <name>LION</name>
  </friend>
</datas>